[
  {
    "model": "contenttypes.contenttype",
    "pk": 1,
    "fields": {
      "app_label": "admin",
      "model": "logentry"
    }
  },
  {
    "model": "contenttypes.contenttype",
    "pk": 2,
    "fields": {
      "app_label": "auth",
      "model": "permission"
    }
  },
  {
    "model": "contenttypes.contenttype",
    "pk": 3,
    "fields": {
      "app_label": "auth",
      "model": "group"
    }
  },
  {
    "model": "contenttypes.contenttype",
    "pk": 4,
    "fields": {
      "app_label": "auth",
      "model": "user"
    }
  },
  {
    "model": "contenttypes.contenttype",
    "pk": 5,
    "fields": {
      "app_label": "contenttypes",
      "model": "contenttype"
    }
  },
  {
    "model": "contenttypes.contenttype",
    "pk": 6,
    "fields": {
      "app_label": "sessions",
      "model": "session"
    }
  },
  {
    "model": "contenttypes.contenttype",
    "pk": 7,
    "fields": {
      "app_label": "students",
      "model": "student"
    }
  },
  {
    "model": "contenttypes.contenttype",
    "pk": 8,
    "fields": {
      "app_label": "students",
      "model": "group"
    }
  },
  {
    "model": "contenttypes.contenttype",
    "pk": 9,
    "fields": {
      "app_label": "teachers",
      "model": "teacher"
    }
  },
  {
    "model": "sessions.session",
    "pk": "sasrcskiph0jvcon5unyip6lc9k3kjt2",
    "fields": {
      "session_data": "OGFiYWM2ZGI4ZTVhZjJjYWM1MzZhMGVmYjdlMGZlMTgxOGEyYWQ4NTp7Il9hdXRoX3VzZXJfaWQiOiIxIiwiX2F1dGhfdXNlcl9iYWNrZW5kIjoiZGphbmdvLmNvbnRyaWIuYXV0aC5iYWNrZW5kcy5Nb2RlbEJhY2tlbmQiLCJfYXV0aF91c2VyX2hhc2giOiI2ZTM3NDBlNTdkNDAxYmI3NzFhN2NkY2M2ZWVmNGQwMjg3MDlhOGQ2In0=",
      "expire_date": "2020-02-06T17:40:04.610Z"
    }
  },
  {
    "model": "sessions.session",
    "pk": "srrzxhk2ux05v7wvz0c81z1up4h1zf7l",
    "fields": {
      "session_data": "YTU2YmJjNDU1MDFhYWVjMTk5YTM1YzRjZjJhN2ZlYjQzMTk5YzA5OTp7Il9hdXRoX3VzZXJfaWQiOiIyIiwiX2F1dGhfdXNlcl9iYWNrZW5kIjoiZGphbmdvLmNvbnRyaWIuYXV0aC5iYWNrZW5kcy5Nb2RlbEJhY2tlbmQiLCJfYXV0aF91c2VyX2hhc2giOiJlY2M5MGFkZGQyNTVkNGJmZmRkMjgyMGVhNzJiNjExYzY1MGQxYmVkIn0=",
      "expire_date": "2020-02-06T18:40:22.616Z"
    }
  },
  {
    "model": "students.student",
    "pk": 407,
    "fields": {
      "grade": 2,
      "first_name": "Brent",
      "last_name": "Richardson",
      "birth_date": "2020-01-23",
      "email": "leonashley@hotmail.com",
      "telephone": "0017914399250834",
      "address": "7810 Johnson ValleysCooperside, WA 56197",
      "group_id": 499,
      "active_user": false
    }
  },
  {
    "model": "students.student",
    "pk": 408,
    "fields": {
      "grade": 2,
      "first_name": "Garrett",
      "last_name": "Levy",
      "birth_date": "2020-01-23",
      "email": "wilkersonmary@yahoo.com",
      "telephone": "3119930418",
      "address": "079 Marquez RanchNew Brittneyborough, AR 92251",
      "group_id": 499,
      "active_user": false
    }
  },
  {
    "model": "students.student",
    "pk": 409,
    "fields": {
      "grade": 2,
      "first_name": "Kathryn",
      "last_name": "Martinez",
      "birth_date": "2020-01-23",
      "email": "rjohnson@cowan.info",
      "telephone": "7275201242140",
      "address": "36515 Simmons TurnpikeSouth Patriciaton, AL 53072",
      "group_id": 497,
      "active_user": false
    }
  },
  {
    "model": "students.student",
    "pk": 410,
    "fields": {
      "grade": 2,
      "first_name": "Ashley",
      "last_name": "Diaz",
      "birth_date": "2020-01-23",
      "email": "rwebster@gmail.com",
      "telephone": "1401673245",
      "address": "88864 Tara HeightsPort Barbaraside, MD 02938",
      "group_id": 496,
      "active_user": false
    }
  },
  {
    "model": "students.student",
    "pk": 411,
    "fields": {
      "grade": 2,
      "first_name": "Kristina",
      "last_name": "Mason",
      "birth_date": "2020-01-23",
      "email": "antoniohansen@gmail.com",
      "telephone": "1039584786281488",
      "address": "41596 Joseph JunctionWest Anthony, NJ 40280",
      "group_id": 494,
      "active_user": false
    }
  },
  {
    "model": "students.student",
    "pk": 432,
    "fields": {
      "grade": 2,
      "first_name": "Kimberly",
      "last_name": "Santos",
      "birth_date": "2020-01-25",
      "email": "kristinemoore@leach.org",
      "telephone": "0016145864873155",
      "address": "74925 Lee CliffSouth Mikeland, UT 57155",
      "group_id": 495,
      "active_user": false
    }
  },
  {
    "model": "students.student",
    "pk": 433,
    "fields": {
      "grade": 2,
      "first_name": "Andres",
      "last_name": "White",
      "birth_date": "2020-01-25",
      "email": "theresarodriguez@hotmail.com",
      "telephone": "001092778972704434",
      "address": "861 Heather Centers Apt. 734West Natasha, IL 52913",
      "group_id": 493,
      "active_user": false
    }
  },
  {
    "model": "students.student",
    "pk": 434,
    "fields": {
      "grade": 2,
      "first_name": "Taylor",
      "last_name": "Figueroa",
      "birth_date": "2020-01-25",
      "email": "michelebradley@hotmail.com",
      "telephone": "8963295425",
      "address": "48848 Joshua StravenueAshleystad, MD 62017",
      "group_id": 492,
      "active_user": false
    }
  },
  {
    "model": "students.student",
    "pk": 435,
    "fields": {
      "grade": 2,
      "first_name": "Johnathan",
      "last_name": "Shepherd",
      "birth_date": "2020-01-25",
      "email": "josephpugh@noble-yu.com",
      "telephone": "4691506520",
      "address": "138 Burton GrovesEast Tyler, LA 88648",
      "group_id": 491,
      "active_user": false
    }
  },
  {
    "model": "students.student",
    "pk": 436,
    "fields": {
      "grade": 2,
      "first_name": "James",
      "last_name": "Harrison",
      "birth_date": "2020-01-25",
      "email": "xrobinson@gmail.com",
      "telephone": "7656595420",
      "address": "383 Kennedy Glens Suite 538Port Derrickside, UT 36122",
      "group_id": 499,
      "active_user": false
    }
  },
  {
    "model": "students.student",
    "pk": 437,
    "fields": {
      "grade": 2,
      "first_name": "Mark",
      "last_name": "Kennedy",
      "birth_date": "2020-01-25",
      "email": "michael64@yahoo.com",
      "telephone": "7746320421103",
      "address": "819 Rodgers Ports Suite 109Aaronfurt, PA 46729",
      "group_id": 498,
      "active_user": false
    }
  },
  {
    "model": "students.student",
    "pk": 438,
    "fields": {
      "grade": 2,
      "first_name": "Kimberly",
      "last_name": "Hunt",
      "birth_date": "2020-01-25",
      "email": "nicholecollins@burke.biz",
      "telephone": "9330428902",
      "address": "140 Deleon Ramp Suite 002Foleyfort, MA 39645",
      "group_id": 491,
      "active_user": false
    }
  },
  {
    "model": "students.student",
    "pk": 439,
    "fields": {
      "grade": 2,
      "first_name": "Marissa",
      "last_name": "Lawson",
      "birth_date": "2020-01-25",
      "email": "qlawson@yahoo.com",
      "telephone": "00135410580762402",
      "address": "5207 Gray Keys Apt. 808Lake Sabrinaburgh, MI 68724",
      "group_id": 494,
      "active_user": false
    }
  },
  {
    "model": "students.student",
    "pk": 440,
    "fields": {
      "grade": 2,
      "first_name": "Patricia",
      "last_name": "Reyes",
      "birth_date": "2020-01-25",
      "email": "gonzalezronnie@jensen-mitchell.com",
      "telephone": "2145287315",
      "address": "491 Adams WalksNew Stephen, TX 49171",
      "group_id": 493,
      "active_user": false
    }
  },
  {
    "model": "students.student",
    "pk": 453,
    "fields": {
      "grade": 2,
      "first_name": "Kelly",
      "last_name": "Lindsey",
      "birth_date": "2020-01-25",
      "email": "gainescharles@yahoo.com",
      "telephone": "1371698487",
      "address": "62273 Scott Village Apt. 278Port Christophermouth, OR 88544",
      "group_id": 492,
      "active_user": false
    }
  },
  {
    "model": "students.student",
    "pk": 455,
    "fields": {
      "grade": 2,
      "first_name": "Dylan",
      "last_name": "Miller",
      "birth_date": "2020-01-25",
      "email": "kimsheila@anderson.org",
      "telephone": "814931147411330",
      "address": "61735 Cabrera Inlet Apt. 290New Vanessaville, GA 40287",
      "group_id": 497,
      "active_user": false
    }
  },
  {
    "model": "students.student",
    "pk": 456,
    "fields": {
      "grade": 2,
      "first_name": "Caleb",
      "last_name": "Tate",
      "birth_date": "2020-01-25",
      "email": "williamskayla@gmail.com",
      "telephone": "0858792592",
      "address": "4188 Barnes Rest Apt. 660Wilkersonmouth, SD 51526",
      "group_id": 495,
      "active_user": false
    }
  },
  {
    "model": "students.student",
    "pk": 457,
    "fields": {
      "grade": 2,
      "first_name": "Andrew",
      "last_name": "Walters",
      "birth_date": "2020-01-25",
      "email": "barry66@owens-hurley.org",
      "telephone": "001201518337668850",
      "address": "6124 Veronica ExtensionWhitechester, AK 41618",
      "group_id": 500,
      "active_user": false
    }
  },
  {
    "model": "students.student",
    "pk": 458,
    "fields": {
      "grade": 1,
      "first_name": "Stephen",
      "last_name": "Summers",
      "birth_date": "2020-01-25",
      "email": "scott81@gardner.com",
      "telephone": "3020412260126",
      "address": "75680 Justin Roads Apt. 171Lake Jimmyton, NC 05228",
      "group_id": 497,
      "active_user": false
    }
  },
  {
    "model": "students.student",
    "pk": 459,
    "fields": {
      "grade": 2,
      "first_name": "Aimee",
      "last_name": "Hernandez",
      "birth_date": "2020-01-25",
      "email": "mfrank@green.biz",
      "telephone": "5671645530",
      "address": "41340 Christopher RueSouth Jessicaborough, MA 40089",
      "group_id": 498,
      "active_user": false
    }
  },
  {
    "model": "students.student",
    "pk": 460,
    "fields": {
      "grade": 2,
      "first_name": "Kevin",
      "last_name": "Wallace",
      "birth_date": "2020-01-25",
      "email": "marygray@hartman-young.com",
      "telephone": "7220009238380",
      "address": "35877 Gates Fort Suite 398Beasleymouth, NV 53252",
      "group_id": 500,
      "active_user": false
    }
  },
  {
    "model": "students.student",
    "pk": 461,
    "fields": {
      "grade": 2,
      "first_name": "Micheal",
      "last_name": "Smith",
      "birth_date": "2020-01-25",
      "email": "campbellmatthew@gmail.com",
      "telephone": "4901753085",
      "address": "824 Anderson PlaceLake Christy, AR 75895",
      "group_id": 499,
      "active_user": true
    }
  },
  {
    "model": "students.student",
    "pk": 462,
    "fields": {
      "grade": 1,
      "first_name": "Laurie",
      "last_name": "Lam",
      "birth_date": "2020-01-25",
      "email": "blahhbla@bla.com",
      "telephone": "5645646465",
      "address": "3963 Patricia Light Apt. 791New Mary, WV 56083",
      "group_id": 495,
      "active_user": false
    }
  },
  {
    "model": "students.student",
    "pk": 463,
    "fields": {
      "grade": 2,
      "first_name": "Cory",
      "last_name": "Mitchell",
      "birth_date": "2020-01-25",
      "email": "anthonyreynolds@martinez.net",
      "telephone": "6214782294793",
      "address": "47171 Michael RoadsRodneyfurt, WA 60147",
      "group_id": 500,
      "active_user": true
    }
  },
  {
    "model": "students.student",
    "pk": 464,
    "fields": {
      "grade": 3,
      "first_name": "Annhhh",
      "last_name": "Aaaffff",
      "birth_date": "2019-07-07",
      "email": "blabla@bla.com",
      "telephone": "564564646",
      "address": "Happy st. Happy city",
      "group_id": 498,
      "active_user": false
    }
  },
  {
    "model": "students.student",
    "pk": 474,
    "fields": {
      "grade": 1,
      "first_name": "Ann",
      "last_name": "Smith",
      "birth_date": "2020-02-01",
      "email": "hdhddhdh@gmail.com",
      "telephone": "555145145",
      "address": null,
      "group_id": null,
      "active_user": false
    }
  },
  {
    "model": "students.student",
    "pk": 475,
    "fields": {
      "grade": 1,
      "first_name": "Mary",
      "last_name": "Smith",
      "birth_date": "2020-02-01",
      "email": "dddd555@gmail.com",
      "telephone": "5564545",
      "address": null,
      "group_id": null,
      "active_user": true
    }
  },
  {
    "model": "students.student",
    "pk": 476,
    "fields": {
      "grade": 3,
      "first_name": "Gigi",
      "last_name": "Hadid",
      "birth_date": "2020-02-01",
      "email": "dddd55555@gmail.com",
      "telephone": "54154655",
      "address": null,
      "group_id": null,
      "active_user": true
    }
  },
  {
    "model": "students.student",
    "pk": 477,
    "fields": {
      "grade": 2,
      "first_name": "Ann",
      "last_name": "Joke",
      "birth_date": "2020-02-01",
      "email": "hhhh@gmail.com",
      "telephone": "546856",
      "address": null,
      "group_id": null,
      "active_user": true
    }
  },
  {
    "model": "students.group",
    "pk": 491,
    "fields": {
      "gr_name": "MWltq3C",
      "number_of_students": 13,
      "faculty": "Institute of Criminology",
      "department": "Psychometrics Centre",
      "starosta": 460,
      "teacher": 49
    }
  },
  {
    "model": "students.group",
    "pk": 492,
    "fields": {
      "gr_name": "FsXUlAi",
      "number_of_students": 18,
      "faculty": "Faculty of Philosophy",
      "department": "Biological Anthropology",
      "starosta": 463,
      "teacher": 42
    }
  },
  {
    "model": "students.group",
    "pk": 493,
    "fields": {
      "gr_name": "9DxnbEY",
      "number_of_students": 18,
      "faculty": "Faculty of Biology",
      "department": "Middle Eastern Studies",
      "starosta": 455,
      "teacher": 42
    }
  },
  {
    "model": "students.group",
    "pk": 494,
    "fields": {
      "gr_name": "XyT42AY",
      "number_of_students": 13,
      "faculty": "Institute of Criminology",
      "department": "Middle Eastern Studies",
      "starosta": 463,
      "teacher": 45
    }
  },
  {
    "model": "students.group",
    "pk": 495,
    "fields": {
      "gr_name": "Z4HDhCS",
      "number_of_students": 11,
      "faculty": "Engineering",
      "department": "Centre for Business Research",
      "starosta": 463,
      "teacher": 42
    }
  },
  {
    "model": "students.group",
    "pk": 496,
    "fields": {
      "gr_name": "mdjmdwB",
      "number_of_students": 14,
      "faculty": "Faculty of Biology",
      "department": "Social Anthropology",
      "starosta": 461,
      "teacher": 48
    }
  },
  {
    "model": "students.group",
    "pk": 497,
    "fields": {
      "gr_name": "oagTpXP",
      "number_of_students": 19,
      "faculty": "Faculty of Economics",
      "department": "Social Anthropology",
      "starosta": 460,
      "teacher": 48
    }
  },
  {
    "model": "students.group",
    "pk": 498,
    "fields": {
      "gr_name": "4gYMLZ8",
      "number_of_students": 1,
      "faculty": "Computer Science and Technology",
      "department": "Psychometrics Centre",
      "starosta": 456,
      "teacher": 44
    }
  },
  {
    "model": "students.group",
    "pk": 499,
    "fields": {
      "gr_name": "I9VU8wg",
      "number_of_students": 7,
      "faculty": "Faculty of Philosophy",
      "department": "Lauterpacht Centre for International Law",
      "starosta": 460,
      "teacher": 45
    }
  },
  {
    "model": "students.group",
    "pk": 500,
    "fields": {
      "gr_name": "z0CPfYE",
      "number_of_students": 9,
      "faculty": "Engineering",
      "department": "Biological Anthropology",
      "starosta": 460,
      "teacher": 51
    }
  },
  {
    "model": "teachers.teacher",
    "pk": 1,
    "fields": {
      "first_name": "Vincent",
      "last_name": "Marsh",
      "birth_date": "2020-01-23",
      "email": "eugene60@smith-phillips.com",
      "telephone": "0358763808608",
      "faculty": "Faculty of Human, Social and Political Science"
    }
  },
  {
    "model": "teachers.teacher",
    "pk": 2,
    "fields": {
      "first_name": "Oscar",
      "last_name": "Campbell",
      "birth_date": "2020-01-25",
      "email": "davidwilliams@scott.com",
      "telephone": "5008592341",
      "faculty": "Faculty of Business and Management"
    }
  },
  {
    "model": "teachers.teacher",
    "pk": 3,
    "fields": {
      "first_name": "Matthew",
      "last_name": "Jackson",
      "birth_date": "2020-01-25",
      "email": "creed@yahoo.com",
      "telephone": "8515504908",
      "faculty": "Faculty of Economics"
    }
  },
  {
    "model": "teachers.teacher",
    "pk": 4,
    "fields": {
      "first_name": "Nicole",
      "last_name": "Acevedo",
      "birth_date": "2020-01-25",
      "email": "aprilperry@villa.com",
      "telephone": "5786544533765",
      "faculty": "Faculty of Biology"
    }
  },
  {
    "model": "teachers.teacher",
    "pk": 5,
    "fields": {
      "first_name": "Phillip",
      "last_name": "Lang",
      "birth_date": "2020-01-25",
      "email": "cynthiajones@erickson.com",
      "telephone": "0013572603620325",
      "faculty": "Faculty of Philosophy"
    }
  },
  {
    "model": "teachers.teacher",
    "pk": 6,
    "fields": {
      "first_name": "Alice",
      "last_name": "Kennedy",
      "birth_date": "2020-01-25",
      "email": "sanchezcourtney@munoz-andrews.com",
      "telephone": "00140942416557592",
      "faculty": "Institute of Criminology"
    }
  },
  {
    "model": "teachers.teacher",
    "pk": 7,
    "fields": {
      "first_name": "Theodore",
      "last_name": "Allen",
      "birth_date": "2020-01-25",
      "email": "sjensen@robinson-ramos.com",
      "telephone": "44006905794171",
      "faculty": "Faculty of Economics"
    }
  },
  {
    "model": "teachers.teacher",
    "pk": 8,
    "fields": {
      "first_name": "Julie",
      "last_name": "Maldonado",
      "birth_date": "2020-01-25",
      "email": "daniellemontgomery@gmail.com",
      "telephone": "127966480029541",
      "faculty": "Faculty of Human, Social and Political Science"
    }
  },
  {
    "model": "teachers.teacher",
    "pk": 9,
    "fields": {
      "first_name": "Cynthia",
      "last_name": "Santos",
      "birth_date": "2020-01-25",
      "email": "kevin78@carroll-russell.com",
      "telephone": "4514494516",
      "faculty": "Faculty of Business and Management"
    }
  },
  {
    "model": "teachers.teacher",
    "pk": 10,
    "fields": {
      "first_name": "Marie",
      "last_name": "Brown",
      "birth_date": "2020-01-25",
      "email": "ryan62@salinas.net",
      "telephone": "1278768642",
      "faculty": "Faculty of Law"
    }
  },
  {
    "model": "teachers.teacher",
    "pk": 11,
    "fields": {
      "first_name": "Crystal",
      "last_name": "Pennington",
      "birth_date": "2020-01-25",
      "email": "parkerlauren@yahoo.com",
      "telephone": "10614171666418",
      "faculty": "Institute of Criminology"
    }
  },
  {
    "model": "teachers.teacher",
    "pk": 12,
    "fields": {
      "first_name": "Angela",
      "last_name": "Gibbs",
      "birth_date": "2020-01-25",
      "email": "connieharvey@gmail.com",
      "telephone": "327047527488107",
      "faculty": "Computer Science and Technology"
    }
  },
  {
    "model": "teachers.teacher",
    "pk": 13,
    "fields": {
      "first_name": "Jared",
      "last_name": "Sutton",
      "birth_date": "2020-01-25",
      "email": "robertbryan@yahoo.com",
      "telephone": "36133968323706",
      "faculty": "Faculty of Law"
    }
  },
  {
    "model": "teachers.teacher",
    "pk": 14,
    "fields": {
      "first_name": "Andrew",
      "last_name": "Ibarra",
      "birth_date": "2020-01-25",
      "email": "jillarroyo@anderson.com",
      "telephone": "9589939079",
      "faculty": "Faculty of Philosophy"
    }
  },
  {
    "model": "teachers.teacher",
    "pk": 15,
    "fields": {
      "first_name": "Olivia",
      "last_name": "Carter",
      "birth_date": "2020-01-25",
      "email": "joseph45@michael.com",
      "telephone": "16406356697630",
      "faculty": "Faculty of Architecture and History of Art"
    }
  },
  {
    "model": "teachers.teacher",
    "pk": 16,
    "fields": {
      "first_name": "Ryan",
      "last_name": "Walls",
      "birth_date": "2020-01-25",
      "email": "jeffreydavis@yahoo.com",
      "telephone": "6827560064",
      "faculty": "Engineering"
    }
  },
  {
    "model": "teachers.teacher",
    "pk": 17,
    "fields": {
      "first_name": "Jeremy",
      "last_name": "Webb",
      "birth_date": "2020-01-25",
      "email": "steven42@burke-ferguson.com",
      "telephone": "18465760924657",
      "faculty": "Engineering"
    }
  },
  {
    "model": "teachers.teacher",
    "pk": 18,
    "fields": {
      "first_name": "Luis",
      "last_name": "Jones",
      "birth_date": "2020-01-25",
      "email": "kimberly06@hotmail.com",
      "telephone": "0596043594",
      "faculty": "Faculty of Economics"
    }
  },
  {
    "model": "teachers.teacher",
    "pk": 19,
    "fields": {
      "first_name": "Tyler",
      "last_name": "Pierce",
      "birth_date": "2020-01-25",
      "email": "nwood@yahoo.com",
      "telephone": "2608165656",
      "faculty": "Faculty of Business and Management"
    }
  },
  {
    "model": "teachers.teacher",
    "pk": 20,
    "fields": {
      "first_name": "Nicole",
      "last_name": "Daniel",
      "birth_date": "2020-01-25",
      "email": "bankslisa@barber-powell.com",
      "telephone": "5087430665",
      "faculty": "Institute of Criminology"
    }
  },
  {
    "model": "teachers.teacher",
    "pk": 21,
    "fields": {
      "first_name": "Amanda",
      "last_name": "Freeman",
      "birth_date": "2020-01-25",
      "email": "josephhill@decker.com",
      "telephone": "81682465065572",
      "faculty": "Institute of Criminology"
    }
  },
  {
    "model": "teachers.teacher",
    "pk": 22,
    "fields": {
      "first_name": "Jacob",
      "last_name": "Meza",
      "birth_date": "2020-01-25",
      "email": "loganamy@gmail.com",
      "telephone": "0011385324273008",
      "faculty": "Computer Science and Technology"
    }
  },
  {
    "model": "teachers.teacher",
    "pk": 23,
    "fields": {
      "first_name": "Elizabeth",
      "last_name": "Clark",
      "birth_date": "2020-01-25",
      "email": "eileenkaufman@barr.biz",
      "telephone": "5702457486",
      "faculty": "Faculty of Business and Management"
    }
  },
  {
    "model": "teachers.teacher",
    "pk": 24,
    "fields": {
      "first_name": "Michael",
      "last_name": "Huffman",
      "birth_date": "2020-01-25",
      "email": "gcooper@long.biz",
      "telephone": "2729232578302",
      "faculty": "Faculty of Biology"
    }
  },
  {
    "model": "teachers.teacher",
    "pk": 25,
    "fields": {
      "first_name": "Whitney",
      "last_name": "Gardner",
      "birth_date": "2020-01-25",
      "email": "longerin@reese.com",
      "telephone": "4813107521122",
      "faculty": "Faculty of Business and Management"
    }
  },
  {
    "model": "teachers.teacher",
    "pk": 26,
    "fields": {
      "first_name": "Elizabeth",
      "last_name": "Liu",
      "birth_date": "2020-01-25",
      "email": "mallen@gillespie.com",
      "telephone": "977512116176088",
      "faculty": "Faculty of Human, Social and Political Science"
    }
  },
  {
    "model": "teachers.teacher",
    "pk": 27,
    "fields": {
      "first_name": "Michelle",
      "last_name": "Jacobs",
      "birth_date": "2020-01-25",
      "email": "salazaralexa@yahoo.com",
      "telephone": "168606330583609",
      "faculty": "Faculty of Architecture and History of Art"
    }
  },
  {
    "model": "teachers.teacher",
    "pk": 28,
    "fields": {
      "first_name": "Gregory",
      "last_name": "Gibson",
      "birth_date": "2020-01-25",
      "email": "williamsjeffrey@yahoo.com",
      "telephone": "0015404975537",
      "faculty": "Faculty of Business and Management"
    }
  },
  {
    "model": "teachers.teacher",
    "pk": 29,
    "fields": {
      "first_name": "Brandi",
      "last_name": "Smith",
      "birth_date": "2020-01-25",
      "email": "karen40@wood.com",
      "telephone": "0019329736022260",
      "faculty": "Faculty of Economics"
    }
  },
  {
    "model": "teachers.teacher",
    "pk": 30,
    "fields": {
      "first_name": "George",
      "last_name": "Baker",
      "birth_date": "2020-01-25",
      "email": "kayla49@gmail.com",
      "telephone": "1032374555",
      "faculty": "Computer Science and Technology"
    }
  },
  {
    "model": "teachers.teacher",
    "pk": 31,
    "fields": {
      "first_name": "Kaitlyn",
      "last_name": "Smith",
      "birth_date": "2020-01-25",
      "email": "xdominguez@yahoo.com",
      "telephone": "00172744449191308",
      "faculty": "Faculty of Economics"
    }
  },
  {
    "model": "teachers.teacher",
    "pk": 32,
    "fields": {
      "first_name": "David",
      "last_name": "Hill",
      "birth_date": "2020-01-25",
      "email": "davisjennifer@gmail.com",
      "telephone": "1030705810096",
      "faculty": "Computer Science and Technology"
    }
  },
  {
    "model": "teachers.teacher",
    "pk": 33,
    "fields": {
      "first_name": "Gary",
      "last_name": "Norman",
      "birth_date": "2020-01-25",
      "email": "austinfischer@gmail.com",
      "telephone": "7104952319",
      "faculty": "Faculty of Architecture and History of Art"
    }
  },
  {
    "model": "teachers.teacher",
    "pk": 34,
    "fields": {
      "first_name": "Holly",
      "last_name": "Mckay",
      "birth_date": "2020-01-25",
      "email": "bensonchristopher@yahoo.com",
      "telephone": "10689887388778",
      "faculty": "Faculty of Economics"
    }
  },
  {
    "model": "teachers.teacher",
    "pk": 35,
    "fields": {
      "first_name": "Tammy",
      "last_name": "Erickson",
      "birth_date": "2020-01-25",
      "email": "craig96@hartman.biz",
      "telephone": "8563063544",
      "faculty": "Faculty of Business and Management"
    }
  },
  {
    "model": "teachers.teacher",
    "pk": 36,
    "fields": {
      "first_name": "Tanya",
      "last_name": "Davis",
      "birth_date": "2020-01-25",
      "email": "david54@barrera.biz",
      "telephone": "0778151795",
      "faculty": "Computer Science and Technology"
    }
  },
  {
    "model": "teachers.teacher",
    "pk": 37,
    "fields": {
      "first_name": "Dave",
      "last_name": "Clayton",
      "birth_date": "2020-01-25",
      "email": "pcurry@cummings.com",
      "telephone": "8650512161",
      "faculty": "Faculty of Law"
    }
  },
  {
    "model": "teachers.teacher",
    "pk": 38,
    "fields": {
      "first_name": "Mary",
      "last_name": "Wells",
      "birth_date": "2020-01-25",
      "email": "rojasvirginia@yahoo.com",
      "telephone": "145317806852612",
      "faculty": "Faculty of Business and Management"
    }
  },
  {
    "model": "teachers.teacher",
    "pk": 39,
    "fields": {
      "first_name": "Mark",
      "last_name": "Murray",
      "birth_date": "2020-01-25",
      "email": "amanda41@hotmail.com",
      "telephone": "1586020531447430",
      "faculty": "Institute of Criminology"
    }
  },
  {
    "model": "teachers.teacher",
    "pk": 40,
    "fields": {
      "first_name": "Patrick",
      "last_name": "Johnson",
      "birth_date": "2020-01-25",
      "email": "judith46@hoffman.com",
      "telephone": "176390286469333",
      "faculty": "Engineering"
    }
  },
  {
    "model": "teachers.teacher",
    "pk": 41,
    "fields": {
      "first_name": "Cindy",
      "last_name": "Bishop",
      "birth_date": "2020-01-25",
      "email": "leonshelia@gmail.com",
      "telephone": "8959160105873",
      "faculty": "Faculty of Biology"
    }
  },
  {
    "model": "teachers.teacher",
    "pk": 42,
    "fields": {
      "first_name": "Joanna",
      "last_name": "Blackwell",
      "birth_date": "2020-01-25",
      "email": "veronicasmith@kramer.biz",
      "telephone": "6890222982",
      "faculty": "Faculty of Economics"
    }
  },
  {
    "model": "teachers.teacher",
    "pk": 43,
    "fields": {
      "first_name": "Lisa",
      "last_name": "Williams",
      "birth_date": "2020-01-25",
      "email": "jeffrey44@hawkins.org",
      "telephone": "6776309625",
      "faculty": "Faculty of Human, Social and Political Science"
    }
  },
  {
    "model": "teachers.teacher",
    "pk": 44,
    "fields": {
      "first_name": "Holly",
      "last_name": "Garcia",
      "birth_date": "2020-01-25",
      "email": "ebarnett@barrett-serrano.com",
      "telephone": "1587133510",
      "faculty": "Institute of Criminology"
    }
  },
  {
    "model": "teachers.teacher",
    "pk": 45,
    "fields": {
      "first_name": "Margaret",
      "last_name": "Moss",
      "birth_date": "2020-01-25",
      "email": "reynoldsthomas@hotmail.com",
      "telephone": "831449664848258",
      "faculty": "Faculty of Business and Management"
    }
  },
  {
    "model": "teachers.teacher",
    "pk": 46,
    "fields": {
      "first_name": "Austin",
      "last_name": "Mckay",
      "birth_date": "2020-01-25",
      "email": "pbenjamin@gmail.com",
      "telephone": "20533777122711",
      "faculty": "Engineering"
    }
  },
  {
    "model": "teachers.teacher",
    "pk": 47,
    "fields": {
      "first_name": "David",
      "last_name": "Vargas",
      "birth_date": "2020-01-25",
      "email": "christopher72@hotmail.com",
      "telephone": "87670804209",
      "faculty": "Faculty of Human, Social and Political Science"
    }
  },
  {
    "model": "teachers.teacher",
    "pk": 48,
    "fields": {
      "first_name": "James",
      "last_name": "Garcia",
      "birth_date": "2020-01-25",
      "email": "aaron26@cortez.org",
      "telephone": "5945904021",
      "faculty": "Engineering"
    }
  },
  {
    "model": "teachers.teacher",
    "pk": 49,
    "fields": {
      "first_name": "Tristan",
      "last_name": "Clark",
      "birth_date": "2020-01-25",
      "email": "fterry@hotmail.com",
      "telephone": "4560695168280",
      "faculty": "Faculty of Architecture and History of Art"
    }
  },
  {
    "model": "teachers.teacher",
    "pk": 50,
    "fields": {
      "first_name": "Wayne",
      "last_name": "Campos",
      "birth_date": "2020-01-25",
      "email": "lcummings@yahoo.com",
      "telephone": "8767080420",
      "faculty": "Institute of Criminology"
    }
  },
  {
    "model": "teachers.teacher",
    "pk": 51,
    "fields": {
      "first_name": "Ann",
      "last_name": "Montes",
      "birth_date": "2020-01-25",
      "email": "triciarosales@garza.biz",
      "telephone": "64270",
      "faculty": "Computer Science and Technology"
    }
  },
  {
    "model": "auth.permission",
    "pk": 1,
    "fields": {
      "name": "Can add log entry",
      "content_type": 1,
      "codename": "add_logentry"
    }
  },
  {
    "model": "auth.permission",
    "pk": 2,
    "fields": {
      "name": "Can change log entry",
      "content_type": 1,
      "codename": "change_logentry"
    }
  },
  {
    "model": "auth.permission",
    "pk": 3,
    "fields": {
      "name": "Can delete log entry",
      "content_type": 1,
      "codename": "delete_logentry"
    }
  },
  {
    "model": "auth.permission",
    "pk": 4,
    "fields": {
      "name": "Can view log entry",
      "content_type": 1,
      "codename": "view_logentry"
    }
  },
  {
    "model": "auth.permission",
    "pk": 5,
    "fields": {
      "name": "Can add permission",
      "content_type": 2,
      "codename": "add_permission"
    }
  },
  {
    "model": "auth.permission",
    "pk": 6,
    "fields": {
      "name": "Can change permission",
      "content_type": 2,
      "codename": "change_permission"
    }
  },
  {
    "model": "auth.permission",
    "pk": 7,
    "fields": {
      "name": "Can delete permission",
      "content_type": 2,
      "codename": "delete_permission"
    }
  },
  {
    "model": "auth.permission",
    "pk": 8,
    "fields": {
      "name": "Can view permission",
      "content_type": 2,
      "codename": "view_permission"
    }
  },
  {
    "model": "auth.permission",
    "pk": 9,
    "fields": {
      "name": "Can add group",
      "content_type": 3,
      "codename": "add_group"
    }
  },
  {
    "model": "auth.permission",
    "pk": 10,
    "fields": {
      "name": "Can change group",
      "content_type": 3,
      "codename": "change_group"
    }
  },
  {
    "model": "auth.permission",
    "pk": 11,
    "fields": {
      "name": "Can delete group",
      "content_type": 3,
      "codename": "delete_group"
    }
  },
  {
    "model": "auth.permission",
    "pk": 12,
    "fields": {
      "name": "Can view group",
      "content_type": 3,
      "codename": "view_group"
    }
  },
  {
    "model": "auth.permission",
    "pk": 13,
    "fields": {
      "name": "Can add user",
      "content_type": 4,
      "codename": "add_user"
    }
  },
  {
    "model": "auth.permission",
    "pk": 14,
    "fields": {
      "name": "Can change user",
      "content_type": 4,
      "codename": "change_user"
    }
  },
  {
    "model": "auth.permission",
    "pk": 15,
    "fields": {
      "name": "Can delete user",
      "content_type": 4,
      "codename": "delete_user"
    }
  },
  {
    "model": "auth.permission",
    "pk": 16,
    "fields": {
      "name": "Can view user",
      "content_type": 4,
      "codename": "view_user"
    }
  },
  {
    "model": "auth.permission",
    "pk": 17,
    "fields": {
      "name": "Can add content type",
      "content_type": 5,
      "codename": "add_contenttype"
    }
  },
  {
    "model": "auth.permission",
    "pk": 18,
    "fields": {
      "name": "Can change content type",
      "content_type": 5,
      "codename": "change_contenttype"
    }
  },
  {
    "model": "auth.permission",
    "pk": 19,
    "fields": {
      "name": "Can delete content type",
      "content_type": 5,
      "codename": "delete_contenttype"
    }
  },
  {
    "model": "auth.permission",
    "pk": 20,
    "fields": {
      "name": "Can view content type",
      "content_type": 5,
      "codename": "view_contenttype"
    }
  },
  {
    "model": "auth.permission",
    "pk": 21,
    "fields": {
      "name": "Can add session",
      "content_type": 6,
      "codename": "add_session"
    }
  },
  {
    "model": "auth.permission",
    "pk": 22,
    "fields": {
      "name": "Can change session",
      "content_type": 6,
      "codename": "change_session"
    }
  },
  {
    "model": "auth.permission",
    "pk": 23,
    "fields": {
      "name": "Can delete session",
      "content_type": 6,
      "codename": "delete_session"
    }
  },
  {
    "model": "auth.permission",
    "pk": 24,
    "fields": {
      "name": "Can view session",
      "content_type": 6,
      "codename": "view_session"
    }
  },
  {
    "model": "auth.permission",
    "pk": 25,
    "fields": {
      "name": "Can add student",
      "content_type": 7,
      "codename": "add_student"
    }
  },
  {
    "model": "auth.permission",
    "pk": 26,
    "fields": {
      "name": "Can change student",
      "content_type": 7,
      "codename": "change_student"
    }
  },
  {
    "model": "auth.permission",
    "pk": 27,
    "fields": {
      "name": "Can delete student",
      "content_type": 7,
      "codename": "delete_student"
    }
  },
  {
    "model": "auth.permission",
    "pk": 28,
    "fields": {
      "name": "Can view student",
      "content_type": 7,
      "codename": "view_student"
    }
  },
  {
    "model": "auth.permission",
    "pk": 29,
    "fields": {
      "name": "Can add group",
      "content_type": 8,
      "codename": "add_group"
    }
  },
  {
    "model": "auth.permission",
    "pk": 30,
    "fields": {
      "name": "Can change group",
      "content_type": 8,
      "codename": "change_group"
    }
  },
  {
    "model": "auth.permission",
    "pk": 31,
    "fields": {
      "name": "Can delete group",
      "content_type": 8,
      "codename": "delete_group"
    }
  },
  {
    "model": "auth.permission",
    "pk": 32,
    "fields": {
      "name": "Can view group",
      "content_type": 8,
      "codename": "view_group"
    }
  },
  {
    "model": "auth.permission",
    "pk": 33,
    "fields": {
      "name": "Can add teacher",
      "content_type": 9,
      "codename": "add_teacher"
    }
  },
  {
    "model": "auth.permission",
    "pk": 34,
    "fields": {
      "name": "Can change teacher",
      "content_type": 9,
      "codename": "change_teacher"
    }
  },
  {
    "model": "auth.permission",
    "pk": 35,
    "fields": {
      "name": "Can delete teacher",
      "content_type": 9,
      "codename": "delete_teacher"
    }
  },
  {
    "model": "auth.permission",
    "pk": 36,
    "fields": {
      "name": "Can view teacher",
      "content_type": 9,
      "codename": "view_teacher"
    }
  },
  {
    "model": "auth.group",
    "pk": 1,
    "fields": {
      "name": "manager",
      "permissions": [
        30,
        32,
        26,
        28,
        36
      ]
    }
  },
  {
    "model": "auth.user",
    "pk": 1,
    "fields": {
      "password": "pbkdf2_sha256$150000$mFQ5YuY9qswT$2A+HdvJGpfeahRlzLIsqfQ1wBnBM+n/BvensKjvdqNQ=",
      "last_login": "2020-01-23T17:40:04.505Z",
      "is_superuser": true,
      "username": "admin@admin.com",
      "first_name": "",
      "last_name": "",
      "email": "admin@admin.com",
      "is_staff": true,
      "is_active": true,
      "date_joined": "2020-01-23T17:38:22.860Z",
      "groups": [],
      "user_permissions": []
    }
  },
  {
    "model": "auth.user",
    "pk": 2,
    "fields": {
      "password": "pbkdf2_sha256$150000$VgbFS7emRoc1$ZLrVt9yeWViJTh8YaK9LoQjAo6cuPAZnwhj0qs0N2cc=",
      "last_login": "2020-01-23T18:40:22Z",
      "is_superuser": false,
      "username": "stuff@stuff.com",
      "first_name": "",
      "last_name": "",
      "email": "stuff@stuff.com",
      "is_staff": true,
      "is_active": true,
      "date_joined": "2020-01-23T18:37:06Z",
      "groups": [
        1
      ],
      "user_permissions": []
    }
  },
  {
    "model": "admin.logentry",
    "pk": 1,
    "fields": {
      "action_time": "2020-01-23T18:11:50.577Z",
      "user": 1,
      "content_type": 7,
      "object_id": "382",
      "object_repr": "382 Stephanie Stone",
      "action_flag": 3,
      "change_message": ""
    }
  },
  {
    "model": "admin.logentry",
    "pk": 2,
    "fields": {
      "action_time": "2020-01-23T18:37:06.965Z",
      "user": 1,
      "content_type": 4,
      "object_id": "2",
      "object_repr": "stuff@stuff.com",
      "action_flag": 1,
      "change_message": "[{\"added\": {}}]"
    }
  },
  {
    "model": "admin.logentry",
    "pk": 3,
    "fields": {
      "action_time": "2020-01-23T18:37:55.103Z",
      "user": 1,
      "content_type": 4,
      "object_id": "2",
      "object_repr": "stuff@stuff.com",
      "action_flag": 2,
      "change_message": "[{\"changed\": {\"fields\": [\"is_staff\"]}}]"
    }
  },
  {
    "model": "admin.logentry",
    "pk": 4,
    "fields": {
      "action_time": "2020-01-23T18:38:16.353Z",
      "user": 1,
      "content_type": 4,
      "object_id": "2",
      "object_repr": "stuff@stuff.com",
      "action_flag": 2,
      "change_message": "[{\"changed\": {\"fields\": [\"email\"]}}]"
    }
  },
  {
    "model": "admin.logentry",
    "pk": 5,
    "fields": {
      "action_time": "2020-01-23T18:43:55.598Z",
      "user": 1,
      "content_type": 3,
      "object_id": "1",
      "object_repr": "manager",
      "action_flag": 1,
      "change_message": "[{\"added\": {}}]"
    }
  },
  {
    "model": "admin.logentry",
    "pk": 6,
    "fields": {
      "action_time": "2020-01-23T18:44:13.694Z",
      "user": 1,
      "content_type": 4,
      "object_id": "2",
      "object_repr": "stuff@stuff.com",
      "action_flag": 2,
      "change_message": "[{\"changed\": {\"fields\": [\"groups\"]}}]"
    }
  },
  {
    "model": "admin.logentry",
    "pk": 7,
    "fields": {
      "action_time": "2020-01-25T15:38:32.531Z",
      "user": 1,
      "content_type": 7,
      "object_id": "463",
      "object_repr": "463 Cory Mitchell",
      "action_flag": 2,
      "change_message": "[{\"changed\": {\"fields\": [\"address\", \"group_id\"]}}]"
    }
  },
  {
    "model": "admin.logentry",
    "pk": 8,
    "fields": {
      "action_time": "2020-01-25T15:39:08.318Z",
      "user": 1,
      "content_type": 7,
      "object_id": "462",
      "object_repr": "462 Laurie Lam",
      "action_flag": 2,
      "change_message": "[{\"changed\": {\"fields\": [\"address\", \"group_id\"]}}]"
    }
  },
  {
    "model": "admin.logentry",
    "pk": 9,
    "fields": {
      "action_time": "2020-01-25T15:40:42.148Z",
      "user": 1,
      "content_type": 3,
      "object_id": "1",
      "object_repr": "manager",
      "action_flag": 2,
      "change_message": "[{\"changed\": {\"fields\": [\"permissions\"]}}]"
    }
  },
  {
    "model": "admin.logentry",
    "pk": 10,
    "fields": {
      "action_time": "2020-01-25T16:06:42.370Z",
      "user": 1,
      "content_type": 8,
      "object_id": "498",
      "object_repr": "4gYMLZ8",
      "action_flag": 2,
      "change_message": "[{\"changed\": {\"fields\": [\"number_of_students\"]}}, {\"added\": {\"name\": \"student\", \"object\": \"464 Ann Affff\"}}]"
    }
  },
  {
    "model": "admin.logentry",
    "pk": 11,
    "fields": {
      "action_time": "2020-01-25T16:13:19.191Z",
      "user": 1,
      "content_type": 7,
      "object_id": "461",
      "object_repr": "461 Micheal Smith",
      "action_flag": 2,
      "change_message": "[{\"changed\": {\"fields\": [\"address\", \"group_id\"]}}]"
    }
  },
  {
    "model": "admin.logentry",
    "pk": 12,
    "fields": {
      "action_time": "2020-01-25T16:13:27.439Z",
      "user": 1,
      "content_type": 7,
      "object_id": "460",
      "object_repr": "460 Kevin Wallace",
      "action_flag": 2,
      "change_message": "[{\"changed\": {\"fields\": [\"address\", \"group_id\"]}}]"
    }
  },
  {
    "model": "admin.logentry",
    "pk": 13,
    "fields": {
      "action_time": "2020-01-25T16:13:57.259Z",
      "user": 1,
      "content_type": 7,
      "object_id": "459",
      "object_repr": "459 Aimee Hernandez",
      "action_flag": 2,
      "change_message": "[{\"changed\": {\"fields\": [\"address\", \"group_id\"]}}]"
    }
  },
  {
    "model": "admin.logentry",
    "pk": 14,
    "fields": {
      "action_time": "2020-01-25T16:15:56.570Z",
      "user": 1,
      "content_type": 7,
      "object_id": "458",
      "object_repr": "458 Stephen Summers",
      "action_flag": 2,
      "change_message": "[{\"changed\": {\"fields\": [\"address\", \"group_id\"]}}]"
    }
  },
  {
    "model": "admin.logentry",
    "pk": 15,
    "fields": {
      "action_time": "2020-01-25T16:15:59.766Z",
      "user": 1,
      "content_type": 7,
      "object_id": "458",
      "object_repr": "458 Stephen Summers",
      "action_flag": 2,
      "change_message": "[]"
    }
  },
  {
    "model": "admin.logentry",
    "pk": 16,
    "fields": {
      "action_time": "2020-01-25T16:16:07.353Z",
      "user": 1,
      "content_type": 7,
      "object_id": "457",
      "object_repr": "457 Andrew Walters",
      "action_flag": 2,
      "change_message": "[{\"changed\": {\"fields\": [\"address\", \"group_id\"]}}]"
    }
  },
  {
    "model": "admin.logentry",
    "pk": 17,
    "fields": {
      "action_time": "2020-01-25T16:16:16.719Z",
      "user": 1,
      "content_type": 7,
      "object_id": "456",
      "object_repr": "456 Caleb Tate",
      "action_flag": 2,
      "change_message": "[{\"changed\": {\"fields\": [\"address\", \"group_id\"]}}]"
    }
  },
  {
    "model": "admin.logentry",
    "pk": 18,
    "fields": {
      "action_time": "2020-01-25T16:16:27.834Z",
      "user": 1,
      "content_type": 7,
      "object_id": "454",
      "object_repr": "454 Christopher Collins",
      "action_flag": 3,
      "change_message": ""
    }
  },
  {
    "model": "admin.logentry",
    "pk": 19,
    "fields": {
      "action_time": "2020-01-25T16:16:42.441Z",
      "user": 1,
      "content_type": 7,
      "object_id": "452",
      "object_repr": "452 Michaela Lee",
      "action_flag": 3,
      "change_message": ""
    }
  },
  {
    "model": "admin.logentry",
    "pk": 20,
    "fields": {
      "action_time": "2020-01-25T16:16:42.484Z",
      "user": 1,
      "content_type": 7,
      "object_id": "451",
      "object_repr": "451 Thomas Hogan",
      "action_flag": 3,
      "change_message": ""
    }
  },
  {
    "model": "admin.logentry",
    "pk": 21,
    "fields": {
      "action_time": "2020-01-25T16:16:42.503Z",
      "user": 1,
      "content_type": 7,
      "object_id": "450",
      "object_repr": "450 Amanda Curtis",
      "action_flag": 3,
      "change_message": ""
    }
  },
  {
    "model": "admin.logentry",
    "pk": 22,
    "fields": {
      "action_time": "2020-01-25T16:17:04.961Z",
      "user": 1,
      "content_type": 7,
      "object_id": "449",
      "object_repr": "449 Joshua Mayo",
      "action_flag": 3,
      "change_message": ""
    }
  },
  {
    "model": "admin.logentry",
    "pk": 23,
    "fields": {
      "action_time": "2020-01-25T16:17:05.004Z",
      "user": 1,
      "content_type": 7,
      "object_id": "448",
      "object_repr": "448 Tracy Esparza",
      "action_flag": 3,
      "change_message": ""
    }
  },
  {
    "model": "admin.logentry",
    "pk": 24,
    "fields": {
      "action_time": "2020-01-25T16:17:05.051Z",
      "user": 1,
      "content_type": 7,
      "object_id": "447",
      "object_repr": "447 Kevin Bright",
      "action_flag": 3,
      "change_message": ""
    }
  },
  {
    "model": "admin.logentry",
    "pk": 25,
    "fields": {
      "action_time": "2020-01-25T16:17:05.104Z",
      "user": 1,
      "content_type": 7,
      "object_id": "446",
      "object_repr": "446 Amy Peterson",
      "action_flag": 3,
      "change_message": ""
    }
  },
  {
    "model": "admin.logentry",
    "pk": 26,
    "fields": {
      "action_time": "2020-01-25T16:17:05.161Z",
      "user": 1,
      "content_type": 7,
      "object_id": "445",
      "object_repr": "445 Brandon Cole",
      "action_flag": 3,
      "change_message": ""
    }
  },
  {
    "model": "admin.logentry",
    "pk": 27,
    "fields": {
      "action_time": "2020-01-25T16:17:05.210Z",
      "user": 1,
      "content_type": 7,
      "object_id": "444",
      "object_repr": "444 James Peterson",
      "action_flag": 3,
      "change_message": ""
    }
  },
  {
    "model": "admin.logentry",
    "pk": 28,
    "fields": {
      "action_time": "2020-01-25T16:17:05.234Z",
      "user": 1,
      "content_type": 7,
      "object_id": "443",
      "object_repr": "443 Taylor Cooper",
      "action_flag": 3,
      "change_message": ""
    }
  },
  {
    "model": "admin.logentry",
    "pk": 29,
    "fields": {
      "action_time": "2020-01-25T16:17:05.254Z",
      "user": 1,
      "content_type": 7,
      "object_id": "442",
      "object_repr": "442 Matthew Elliott",
      "action_flag": 3,
      "change_message": ""
    }
  },
  {
    "model": "admin.logentry",
    "pk": 30,
    "fields": {
      "action_time": "2020-01-25T16:17:05.279Z",
      "user": 1,
      "content_type": 7,
      "object_id": "441",
      "object_repr": "441 Matthew Moore",
      "action_flag": 3,
      "change_message": ""
    }
  },
  {
    "model": "admin.logentry",
    "pk": 31,
    "fields": {
      "action_time": "2020-01-25T16:17:14.734Z",
      "user": 1,
      "content_type": 7,
      "object_id": "407",
      "object_repr": "407 Brent Richardson",
      "action_flag": 2,
      "change_message": "[{\"changed\": {\"fields\": [\"address\", \"group_id\"]}}]"
    }
  },
  {
    "model": "admin.logentry",
    "pk": 32,
    "fields": {
      "action_time": "2020-01-25T16:17:19.854Z",
      "user": 1,
      "content_type": 7,
      "object_id": "408",
      "object_repr": "408 Garrett Levy",
      "action_flag": 2,
      "change_message": "[{\"changed\": {\"fields\": [\"address\", \"group_id\"]}}]"
    }
  },
  {
    "model": "admin.logentry",
    "pk": 33,
    "fields": {
      "action_time": "2020-01-25T16:17:25.454Z",
      "user": 1,
      "content_type": 7,
      "object_id": "409",
      "object_repr": "409 Kathryn Martinez",
      "action_flag": 2,
      "change_message": "[{\"changed\": {\"fields\": [\"address\", \"group_id\"]}}]"
    }
  },
  {
    "model": "admin.logentry",
    "pk": 34,
    "fields": {
      "action_time": "2020-01-25T16:17:31.575Z",
      "user": 1,
      "content_type": 7,
      "object_id": "410",
      "object_repr": "410 Ashley Diaz",
      "action_flag": 2,
      "change_message": "[{\"changed\": {\"fields\": [\"address\", \"group_id\"]}}]"
    }
  },
  {
    "model": "admin.logentry",
    "pk": 35,
    "fields": {
      "action_time": "2020-01-25T16:17:37.438Z",
      "user": 1,
      "content_type": 7,
      "object_id": "411",
      "object_repr": "411 Kristina Mason",
      "action_flag": 2,
      "change_message": "[{\"changed\": {\"fields\": [\"address\", \"group_id\"]}}]"
    }
  },
  {
    "model": "admin.logentry",
    "pk": 36,
    "fields": {
      "action_time": "2020-01-25T16:17:55.622Z",
      "user": 1,
      "content_type": 7,
      "object_id": "421",
      "object_repr": "421 Stephanie Silva",
      "action_flag": 3,
      "change_message": ""
    }
  },
  {
    "model": "admin.logentry",
    "pk": 37,
    "fields": {
      "action_time": "2020-01-25T16:17:55.650Z",
      "user": 1,
      "content_type": 7,
      "object_id": "420",
      "object_repr": "420 Xavier Mccann",
      "action_flag": 3,
      "change_message": ""
    }
  },
  {
    "model": "admin.logentry",
    "pk": 38,
    "fields": {
      "action_time": "2020-01-25T16:17:55.673Z",
      "user": 1,
      "content_type": 7,
      "object_id": "419",
      "object_repr": "419 Jason Kim",
      "action_flag": 3,
      "change_message": ""
    }
  },
  {
    "model": "admin.logentry",
    "pk": 39,
    "fields": {
      "action_time": "2020-01-25T16:17:55.693Z",
      "user": 1,
      "content_type": 7,
      "object_id": "418",
      "object_repr": "418 Sabrina Jones",
      "action_flag": 3,
      "change_message": ""
    }
  },
  {
    "model": "admin.logentry",
    "pk": 40,
    "fields": {
      "action_time": "2020-01-25T16:17:55.719Z",
      "user": 1,
      "content_type": 7,
      "object_id": "417",
      "object_repr": "417 David Smith",
      "action_flag": 3,
      "change_message": ""
    }
  },
  {
    "model": "admin.logentry",
    "pk": 41,
    "fields": {
      "action_time": "2020-01-25T16:17:55.768Z",
      "user": 1,
      "content_type": 7,
      "object_id": "416",
      "object_repr": "416 Shannon Black",
      "action_flag": 3,
      "change_message": ""
    }
  },
  {
    "model": "admin.logentry",
    "pk": 42,
    "fields": {
      "action_time": "2020-01-25T16:17:55.812Z",
      "user": 1,
      "content_type": 7,
      "object_id": "415",
      "object_repr": "415 John Mccullough",
      "action_flag": 3,
      "change_message": ""
    }
  },
  {
    "model": "admin.logentry",
    "pk": 43,
    "fields": {
      "action_time": "2020-01-25T16:17:55.853Z",
      "user": 1,
      "content_type": 7,
      "object_id": "414",
      "object_repr": "414 Kristen Simmons",
      "action_flag": 3,
      "change_message": ""
    }
  },
  {
    "model": "admin.logentry",
    "pk": 44,
    "fields": {
      "action_time": "2020-01-25T16:17:55.905Z",
      "user": 1,
      "content_type": 7,
      "object_id": "413",
      "object_repr": "413 Amanda Strong",
      "action_flag": 3,
      "change_message": ""
    }
  },
  {
    "model": "admin.logentry",
    "pk": 45,
    "fields": {
      "action_time": "2020-01-25T16:17:55.949Z",
      "user": 1,
      "content_type": 7,
      "object_id": "412",
      "object_repr": "412 Charles Lyons",
      "action_flag": 3,
      "change_message": ""
    }
  },
  {
    "model": "admin.logentry",
    "pk": 46,
    "fields": {
      "action_time": "2020-01-25T16:18:14.023Z",
      "user": 1,
      "content_type": 7,
      "object_id": "431",
      "object_repr": "431 Beverly Schmidt",
      "action_flag": 3,
      "change_message": ""
    }
  },
  {
    "model": "admin.logentry",
    "pk": 47,
    "fields": {
      "action_time": "2020-01-25T16:18:14.062Z",
      "user": 1,
      "content_type": 7,
      "object_id": "430",
      "object_repr": "430 Jonathan Nelson",
      "action_flag": 3,
      "change_message": ""
    }
  },
  {
    "model": "admin.logentry",
    "pk": 48,
    "fields": {
      "action_time": "2020-01-25T16:18:14.085Z",
      "user": 1,
      "content_type": 7,
      "object_id": "429",
      "object_repr": "429 Peter Burns",
      "action_flag": 3,
      "change_message": ""
    }
  },
  {
    "model": "admin.logentry",
    "pk": 49,
    "fields": {
      "action_time": "2020-01-25T16:18:14.110Z",
      "user": 1,
      "content_type": 7,
      "object_id": "428",
      "object_repr": "428 Stacey Lee",
      "action_flag": 3,
      "change_message": ""
    }
  },
  {
    "model": "admin.logentry",
    "pk": 50,
    "fields": {
      "action_time": "2020-01-25T16:18:14.149Z",
      "user": 1,
      "content_type": 7,
      "object_id": "427",
      "object_repr": "427 Mark Dougherty",
      "action_flag": 3,
      "change_message": ""
    }
  },
  {
    "model": "admin.logentry",
    "pk": 51,
    "fields": {
      "action_time": "2020-01-25T16:18:14.185Z",
      "user": 1,
      "content_type": 7,
      "object_id": "426",
      "object_repr": "426 Richard Lawrence",
      "action_flag": 3,
      "change_message": ""
    }
  },
  {
    "model": "admin.logentry",
    "pk": 52,
    "fields": {
      "action_time": "2020-01-25T16:18:14.214Z",
      "user": 1,
      "content_type": 7,
      "object_id": "425",
      "object_repr": "425 Brenda Hansen",
      "action_flag": 3,
      "change_message": ""
    }
  },
  {
    "model": "admin.logentry",
    "pk": 53,
    "fields": {
      "action_time": "2020-01-25T16:18:14.241Z",
      "user": 1,
      "content_type": 7,
      "object_id": "424",
      "object_repr": "424 Kendra Pace",
      "action_flag": 3,
      "change_message": ""
    }
  },
  {
    "model": "admin.logentry",
    "pk": 54,
    "fields": {
      "action_time": "2020-01-25T16:18:14.281Z",
      "user": 1,
      "content_type": 7,
      "object_id": "423",
      "object_repr": "423 Marie Sanchez",
      "action_flag": 3,
      "change_message": ""
    }
  },
  {
    "model": "admin.logentry",
    "pk": 55,
    "fields": {
      "action_time": "2020-01-25T16:18:14.313Z",
      "user": 1,
      "content_type": 7,
      "object_id": "422",
      "object_repr": "422 Tina Hunter",
      "action_flag": 3,
      "change_message": ""
    }
  },
  {
    "model": "admin.logentry",
    "pk": 56,
    "fields": {
      "action_time": "2020-01-25T16:18:21.849Z",
      "user": 1,
      "content_type": 7,
      "object_id": "432",
      "object_repr": "432 Kimberly Santos",
      "action_flag": 2,
      "change_message": "[{\"changed\": {\"fields\": [\"address\", \"group_id\"]}}]"
    }
  },
  {
    "model": "admin.logentry",
    "pk": 57,
    "fields": {
      "action_time": "2020-01-25T16:18:28.137Z",
      "user": 1,
      "content_type": 7,
      "object_id": "433",
      "object_repr": "433 Andres White",
      "action_flag": 2,
      "change_message": "[{\"changed\": {\"fields\": [\"address\", \"group_id\"]}}]"
    }
  },
  {
    "model": "admin.logentry",
    "pk": 58,
    "fields": {
      "action_time": "2020-01-25T16:18:34.704Z",
      "user": 1,
      "content_type": 7,
      "object_id": "434",
      "object_repr": "434 Taylor Figueroa",
      "action_flag": 2,
      "change_message": "[{\"changed\": {\"fields\": [\"address\", \"group_id\"]}}]"
    }
  },
  {
    "model": "admin.logentry",
    "pk": 59,
    "fields": {
      "action_time": "2020-01-25T16:18:40.867Z",
      "user": 1,
      "content_type": 7,
      "object_id": "436",
      "object_repr": "436 James Harrison",
      "action_flag": 2,
      "change_message": "[{\"changed\": {\"fields\": [\"address\", \"group_id\"]}}]"
    }
  },
  {
    "model": "admin.logentry",
    "pk": 60,
    "fields": {
      "action_time": "2020-01-25T16:18:47.078Z",
      "user": 1,
      "content_type": 7,
      "object_id": "435",
      "object_repr": "435 Johnathan Shepherd",
      "action_flag": 2,
      "change_message": "[{\"changed\": {\"fields\": [\"address\", \"group_id\"]}}]"
    }
  },
  {
    "model": "admin.logentry",
    "pk": 61,
    "fields": {
      "action_time": "2020-01-25T16:18:53.962Z",
      "user": 1,
      "content_type": 7,
      "object_id": "437",
      "object_repr": "437 Mark Kennedy",
      "action_flag": 2,
      "change_message": "[{\"changed\": {\"fields\": [\"address\", \"group_id\"]}}]"
    }
  },
  {
    "model": "admin.logentry",
    "pk": 62,
    "fields": {
      "action_time": "2020-01-25T16:19:01.118Z",
      "user": 1,
      "content_type": 7,
      "object_id": "438",
      "object_repr": "438 Kimberly Hunt",
      "action_flag": 2,
      "change_message": "[{\"changed\": {\"fields\": [\"address\", \"group_id\"]}}]"
    }
  },
  {
    "model": "admin.logentry",
    "pk": 63,
    "fields": {
      "action_time": "2020-01-25T16:19:06.926Z",
      "user": 1,
      "content_type": 7,
      "object_id": "453",
      "object_repr": "453 Kelly Lindsey",
      "action_flag": 2,
      "change_message": "[{\"changed\": {\"fields\": [\"address\", \"group_id\"]}}]"
    }
  },
  {
    "model": "admin.logentry",
    "pk": 64,
    "fields": {
      "action_time": "2020-01-25T16:19:13.789Z",
      "user": 1,
      "content_type": 7,
      "object_id": "440",
      "object_repr": "440 Patricia Reyes",
      "action_flag": 2,
      "change_message": "[{\"changed\": {\"fields\": [\"address\", \"group_id\"]}}]"
    }
  },
  {
    "model": "admin.logentry",
    "pk": 65,
    "fields": {
      "action_time": "2020-01-25T16:19:20.624Z",
      "user": 1,
      "content_type": 7,
      "object_id": "439",
      "object_repr": "439 Marissa Lawson",
      "action_flag": 2,
      "change_message": "[{\"changed\": {\"fields\": [\"address\", \"group_id\"]}}]"
    }
  },
  {
    "model": "admin.logentry",
    "pk": 66,
    "fields": {
      "action_time": "2020-01-25T16:19:29.525Z",
      "user": 1,
      "content_type": 7,
      "object_id": "455",
      "object_repr": "455 Dylan Miller",
      "action_flag": 2,
      "change_message": "[{\"changed\": {\"fields\": [\"address\", \"group_id\"]}}]"
    }
  },
  {
    "model": "admin.logentry",
    "pk": 67,
    "fields": {
      "action_time": "2020-01-27T18:54:40.883Z",
      "user": 1,
      "content_type": 7,
      "object_id": "462",
      "object_repr": "462 Laurie Lam",
      "action_flag": 2,
      "change_message": "[{\"changed\": {\"fields\": [\"email\"]}}]"
    }
  },
  {
    "model": "admin.logentry",
    "pk": 68,
    "fields": {
      "action_time": "2020-01-27T19:54:04.440Z",
      "user": 1,
      "content_type": 7,
      "object_id": "466",
      "object_repr": "466 fsddfsfs ssfsdfsfsd",
      "action_flag": 1,
      "change_message": "[{\"added\": {}}]"
    }
  },
  {
    "model": "admin.logentry",
    "pk": 69,
    "fields": {
      "action_time": "2020-01-27T19:55:07.209Z",
      "user": 1,
      "content_type": 7,
      "object_id": "466",
      "object_repr": "466 fsddfsfs ssfsdfsfsd",
      "action_flag": 2,
      "change_message": "[{\"changed\": {\"fields\": [\"email\"]}}]"
    }
  },
  {
    "model": "admin.logentry",
    "pk": 70,
    "fields": {
      "action_time": "2020-01-27T19:55:14.933Z",
      "user": 1,
      "content_type": 7,
      "object_id": "466",
      "object_repr": "466 fsddfsfs ssfsdfsfsd",
      "action_flag": 3,
      "change_message": ""
    }
  },
  {
    "model": "admin.logentry",
    "pk": 71,
    "fields": {
      "action_time": "2020-01-27T20:26:22.530Z",
      "user": 1,
      "content_type": 7,
      "object_id": "464",
      "object_repr": "464 Ann Affff",
      "action_flag": 2,
      "change_message": "[{\"changed\": {\"fields\": [\"grade\"]}}]"
    }
  },
  {
    "model": "admin.logentry",
    "pk": 72,
    "fields": {
      "action_time": "2020-01-27T20:26:34.547Z",
      "user": 1,
      "content_type": 7,
      "object_id": "458",
      "object_repr": "458 Stephen Summers",
      "action_flag": 2,
      "change_message": "[{\"changed\": {\"fields\": [\"grade\"]}}]"
    }
  },
  {
    "model": "admin.logentry",
    "pk": 73,
    "fields": {
      "action_time": "2020-01-28T18:56:09.609Z",
      "user": 1,
      "content_type": 7,
      "object_id": "464",
      "object_repr": "464 Ann Affff",
      "action_flag": 2,
      "change_message": "[]"
    }
  },
  {
    "model": "admin.logentry",
    "pk": 74,
    "fields": {
      "action_time": "2020-01-28T18:56:20.752Z",
      "user": 1,
      "content_type": 7,
      "object_id": "464",
      "object_repr": "464 Annhhh Aaaffff",
      "action_flag": 2,
      "change_message": "[{\"changed\": {\"fields\": [\"first_name\", \"last_name\"]}}]"
    }
  },
  {
    "model": "admin.logentry",
    "pk": 75,
    "fields": {
      "action_time": "2020-01-28T18:56:45.190Z",
      "user": 1,
      "content_type": 7,
      "object_id": "462",
      "object_repr": "462 Laurie Lam",
      "action_flag": 2,
      "change_message": "[{\"changed\": {\"fields\": [\"telephone\"]}}]"
    }
  },
  {
    "model": "admin.logentry",
    "pk": 76,
    "fields": {
      "action_time": "2020-01-28T19:07:14.898Z",
      "user": 1,
      "content_type": 9,
      "object_id": "51",
      "object_repr": "Ann Montes",
      "action_flag": 2,
      "change_message": "[{\"changed\": {\"fields\": [\"telephone\"]}}]"
    }
  },
  {
    "model": "admin.logentry",
    "pk": 77,
    "fields": {
      "action_time": "2020-01-28T19:13:53.245Z",
      "user": 1,
      "content_type": 9,
      "object_id": "50",
      "object_repr": "Wayne Campos",
      "action_flag": 2,
      "change_message": "[{\"changed\": {\"fields\": [\"first_name\", \"last_name\"]}}]"
    }
  },
  {
    "model": "admin.logentry",
    "pk": 78,
    "fields": {
      "action_time": "2020-01-28T19:14:04.377Z",
      "user": 1,
      "content_type": 9,
      "object_id": "50",
      "object_repr": "Wayne Campos",
      "action_flag": 2,
      "change_message": "[]"
    }
  },
  {
    "model": "admin.logentry",
    "pk": 79,
    "fields": {
      "action_time": "2020-01-28T19:14:20.119Z",
      "user": 1,
      "content_type": 9,
      "object_id": "47",
      "object_repr": "David Vargas",
      "action_flag": 2,
      "change_message": "[{\"changed\": {\"fields\": [\"telephone\"]}}]"
    }
  },
  {
    "model": "admin.logentry",
    "pk": 80,
    "fields": {
      "action_time": "2020-01-29T11:57:22.629Z",
      "user": 1,
      "content_type": 9,
      "object_id": "51",
      "object_repr": "Ann Montes",
      "action_flag": 2,
      "change_message": "[{\"changed\": {\"fields\": [\"telephone\"]}}]"
    }
  },
  {
    "model": "admin.logentry",
    "pk": 81,
    "fields": {
      "action_time": "2020-02-01T15:45:21.428Z",
      "user": 1,
      "content_type": 7,
      "object_id": "461",
      "object_repr": "461 Micheal Smith",
      "action_flag": 2,
      "change_message": "[{\"changed\": {\"fields\": [\"active_user\"]}}]"
    }
  },
  {
    "model": "admin.logentry",
    "pk": 82,
    "fields": {
      "action_time": "2020-02-01T15:45:32.849Z",
      "user": 1,
      "content_type": 7,
      "object_id": "463",
      "object_repr": "463 Cory Mitchell",
      "action_flag": 2,
      "change_message": "[{\"changed\": {\"fields\": [\"active_user\"]}}]"
    }
  },
  {
    "model": "admin.logentry",
    "pk": 83,
    "fields": {
      "action_time": "2020-02-01T16:59:17.139Z",
      "user": 1,
      "content_type": 7,
      "object_id": "476",
      "object_repr": "476 Gigi Hadid",
      "action_flag": 2,
      "change_message": "[{\"changed\": {\"fields\": [\"active_user\"]}}]"
    }
  }
]